PUBCHEM_CID,low_permeability,Phenotype,canonical_smiles
563972,0,High,CSc1nnc2c3ccccc3n(CCc3ccccc3)c2n1
766793,0,High,CCN(CC)C(=O)N1c2ccccc2C=Cc2ccccc21
2021006,0,High,Nc1c(S(=O)(=O)c2cccs2)c2nc3ccccc3nc2n1Cc1ccccc1
1075912,0,Moderate,O=C(O)c1ccc(Nc2nc(-c3cc4ccccc4oc3=O)cs2)cc1O
6460634,0,High,CCOc1ccc(S(=O)(=O)NCc2cccnc2)cc1NC(=O)c1ccccc1F
434973,0,Moderate,COc1c(O)cc2c(c1OC)-c1ccc(SC)c(=O)cc1C(NC(C)=O)CC2
426728,0,Moderate,COc1cc2c(c(OC)c1OC)-c1ccc(SC)c(=O)cc1C(N)CC2
667466,0,High,CN(C)CC/C=C1\c2ccccc2Sc2ccc(Cl)cc21
53276,0,High,CCOC(=O)Nc1ccc(NCc2ccc(F)cc2)nc1N
3559,0,High,O=C(CCCN1CCC(O)(c2ccc(Cl)cc2)CC1)c1ccc(F)cc1
133633,0,High,OC1(c2ccc(Cl)cc2)CCN(Cc2c[nH]c3ccccc23)CC1
4658,0,High,COc1ccccc1N1CCN(CCN(C(=O)c2ccc(I)cc2)c2ccccn2)CC1
6603915,0,Moderate,COc1ccccc1N1CCN(CCN(C(=O)c2ccc(F)cc2)c2ccccn2)CC1
16363,0,Moderate,O=C(CCCN1CCC(n2c(=O)[nH]c3ccccc32)CC1)c1ccc(F)cc1
4030,0,High,COC(=O)Nc1nc2ccc(C(=O)c3ccccc3)cc2[nH]1
180081,0,Moderate,C[C@]12N[C@H](Cc3ccccc31)c1ccccc12
6604471,0,High,COC(=O)Nc1nc2ccc(SC(C)C)cc2[nH]1
3627,0,High,CN1CCCN(C(c2ccccc2)c2ccc(Cl)cc2)CC1
10607,0,High,COc1cc([C@@H]2c3cc4c(cc3[C@H](O)[C@H]3COC(=O)[C@H]23)OCO4)cc(OC)c1OC
10219,0,Moderate,CC[C@H]1CN2CCc3cc(OC)c(OC)cc3[C@@H]2C[C@@H]1C[C@H]1NCCc2cc(OC)c(OC)cc21
3689,0,Moderate,CC(C(O)c1ccc(O)cc1)N1CCC(Cc2ccccc2)CC1
2396,0,Moderate,CN(C)CCCn1cc(C2=C(c3c[nH]c4ccccc34)C(=O)NC2=O)c2ccccc21
108092,0,High,CCN(CC)CCOc1ccc(Cc2ccccc2)cc1
6167,1,Low,COc1cc2c(c(OC)c1OC)-c1ccc(OC)c(=O)cc1[C@@H](NC(C)=O)CC2
664510,0,High,CNc1oc(-c2cccc3ccccc23)nc1C#N
663191,0,High,COc1ccccc1-c1nnc2sc(-c3ccc(N(C)C)cc3)nn12
790407,0,High,O=C(Nc1cccnc1)c1cccs1
1265525,0,High,COc1cc(C(=O)N2CCN(c3cc(Cl)ccc3Cl)CC2)cc(OC)c1OC
2159,1,Low,CCN1CCCC1CNC(=O)c1cc(S(=O)(=O)CC)c(N)cc1OC
3237082,0,High,Cc1ccccc1NC(=O)Nc1cccs1
15991077,0,High,COc1cccc(C(=O)Nc2ccc3oc(-c4ccc5ccccc5c4)nc3c2)c1
1725261,0,High,CC(=O)c1c(C)oc2ccc(N(C(=O)Oc3ccccc3)S(=O)(=O)c3ccccc3)cc12
15991223,0,High,Cc1ccc(CN2C(=O)C(O)(CC(=O)c3ccc(C)cc3)c3ccccc32)cc1
1205402,0,High,COc1ccc(-n2c(C)c(C(C)=O)c3cc(OC(=O)COc4ccccc4)ccc32)cc1
6407314,0,High,C#CCOc1ccc(-c2nnc(Nc3ccc(NC(C)=O)cc3)c3ccccc23)cc1
1017166,0,High,CCOc1cc(CNc2ccc(O)cc2)ccc1OCc1ccc(Cl)cc1
15991364,1,Low,Cc1ccc2oc3c(c(=O)c2c1)C(c1cccc(O)c1)N(CCCN1CCOCC1)C3=O
15991365,0,Moderate,COc1cc(C2c3c(oc4cc(C)c(C)cc4c3=O)C(=O)N2CCCN2CCOCC2)ccc1O
15991372,1,Low,Cc1ccc2oc3c(c(=O)c2c1)C(c1ccc(O)cc1)N(CCCN(C)C)C3=O
15991374,0,High,CCCCOc1ccc(C2c3c(oc4ccc(C)cc4c3=O)C(=O)N2CCCN(C)C)cc1OCC
15991449,0,High,O=S(=O)(c1ccccc1)c1nc(-c2ccc(F)cc2)oc1N1CCCCCC1
4229355,1,Low,CCc1ccc(C2N=C(N)Nc3nc4ccccc4n32)cc1
2983992,0,High,N#Cc1ccc(C(=O)Nc2ccc(Cl)c(-c3nc4cc(Cl)ccc4o3)c2)c(F)c1
2982228,0,Moderate,Cc1ccc2nc(-c3cc(NC(=O)c4ccc5c(c4)OCCO5)ccc3Cl)oc2c1
3122421,0,High,COc1ccc(-c2cc(-c3ccccc3)nc(SCC(=O)Nc3ccccc3C)c2C#N)cc1
15991500,0,High,COc1ccc(-c2cc(C)nc3c(-c4ccc(OC)c(OC)c4)c(C)nn23)cc1
1252213,0,High,Cn1c(=O)c2c(-c3ccc(Cl)cc3)n(CCc3ccccc3)cc2n(C)c1=O
5297518,0,High,CCOC(=O)c1ccc(NC(=O)CSc2nc3c(cc2C#N)N2CCC3CC2)cc1
4898908,0,High,Nc1c(C(=O)Nc2ccc(Cl)cc2)sc2nc3c(cc12)N1CCC3CC1
5297522,0,High,CCOC(=O)c1ccc(NC(=O)c2sc3nc4c(cc3c2N)N2CCC4CC2)cc1
4368645,0,High,COc1cc(Cl)c(C)cc1Nc1c2c(nc3ccccc13)CCC2
15987880,0,High,CCc1cccc(NC(=O)C(Cc2ccccc2)NS(=O)(=O)c2cccs2)c1
15987881,0,High,Cc1ccc(NC(=O)C(Cc2ccccc2)NS(=O)(=O)c2cccs2)cc1Cl
9551517,0,High,CCn1cc(C(=O)N2CCN(c3cccc(Cl)c3)CC2)c2cc(OC)c(OC)cc2c1=O
15987948,0,High,O=C(CCCCn1c(=O)[nH]c2ccsc2c1=O)N1CCN(c2cccc(Cl)c2)CC1
4753688,0,High,CCCCCn1c(CCCNC(=O)c2ccccc2OC)nc2ccccc21
15988512,0,High,CCc1cccc(NC(=O)CSc2nc3ccccc3nc2N2CCCCC2)c1
15988552,0,High,COc1ccc(OC)c(-n2c3c(cc(-c4nc(-c5ccc(Cl)cc5)cs4)c2=O)C(=O)CC(C)(C)C3)c1
15988674,0,High,O=C(Nc1ccc(Cl)cc1)C(NS(=O)(=O)c1cccs1)c1ccccc1
15988676,0,Moderate,Cc1cc(Br)ccc1NC(=O)C(NS(=O)(=O)c1cccs1)c1ccccc1
15989508,0,High,Cc1ccc(NC(=O)NCC2CCN(Cc3cccc(Cl)c3)CC2)cc1Cl
15989530,0,High,O=C(NCC1CCN(Cc2cccc(Cl)c2)CC1)Nc1ccc(F)c(Cl)c1
15989544,0,High,CCOc1ccc(OCC)c(NC(=O)C(NS(=O)(=O)c2ccc(Br)s2)c2ccccc2)c1
15989546,0,Moderate,CC(=O)Nc1ccc(NC(=O)C(NS(=O)(=O)c2ccc(Br)s2)c2ccccc2)cc1
15989548,0,High,CCN(C(=O)C(NS(=O)(=O)c1ccc(Br)s1)c1ccccc1)c1ccc(C)c(C)c1
15989558,0,High,Cc1ccc(C)c(CN2CCC(CNC(=O)Nc3ccc(Br)cc3F)CC2)c1
2973056,0,High,COc1cc(C2CC(=O)Nc3cc4c(cc32)OCCO4)cc(Br)c1OC
15989880,0,High,CC(C)Oc1cccc(C2CC(=O)Nc3cc4c(cc32)OCO4)c1
15990000,0,High,Cc1ccc(NC2=C(c3ccc(C(F)(F)F)cc3)C(=O)c3ccccc32)cc1F
8088003,0,High,CCN(c1ccccc1)S(=O)(=O)c1c(C)nc2scc(C)n2c1=O
15990148,0,High,Cc1cccc(N2CCN(c3nc4ccccc4c4nnc(C)n34)CC2)c1C
15990190,1,Low,Cc1ccc(Nc2nc(C)c(NC(=O)c3ccc(C)cc3)c(Nc3ccc(C)cc3)n2)cc1
15990297,0,Moderate,CCOc1ccc(Nc2nc(C)c(NC(=O)c3ccc(C)cc3)c(Nc3ccc(OCC)cc3)n2)cc1
15990342,0,High,CCC1=Nc2cc(C(=O)NCCCOC)ccc2Sc2ccc(Br)cc21
15990397,0,High,COc1cc(NC(=O)c2nc3ccccc3n(C)c2=O)cc(OC)c1OC
15990405,0,High,O=C(CSc1nc(-c2ccc(F)cc2)[nH]c1-c1ccc(F)cc1)Nc1ccc2c(c1)OCCO2
15990550,0,High,CCC1=Nc2cc(C(=O)NC3CCCC3)ccc2Sc2ccc(Cl)cc21
15990919,0,High,CCOC(=O)c1ccc(N2C(=O)c3n[nH]c(-c4cccs4)c3C2c2ccc(Cl)cc2Cl)cc1
15990923,0,High,CCOC(=O)c1ccc(N2C(=O)c3n[nH]c(-c4cccs4)c3C2c2ccc(OCC)cc2)cc1
16020134,0,High,CCOC(=O)C1=C(CN(CC)Cc2ccccc2)NC(=O)NC1c1ccc(OC(C)C)cc1
16020144,0,High,CCOC(=O)c1ccc(N2C(=O)c3n[nH]c(-c4ccco4)c3C2c2ccc(C)cc2)cc1
15999416,0,High,COc1ccc(OC)c(Nc2c3c(nc4ccccc24)CCC3)c1
16007397,0,High,COc1ccc(C)cc1Nc1c2c(nc3ccccc13)CCC2
16008054,0,High,Cc1ccc(C)c(CN2C(=O)c3ccccc3S(=O)c3ccc(C(=O)N4CCN(c5ccccc5F)CC4)cc32)c1
4917871,0,High,CCOc1ccc(NC(=O)CC2C(=O)N(c3ccc(F)cc3)C(=O)N2CCc2sccc2C)cc1
2151568,0,Moderate,COc1ccc(-c2nc3c(c(SCC(=O)Nc4ccc(C(=O)O)cc4)n2)Cc2ccccc2O3)cc1
16010131,0,High,CCCNC(=O)c1ccc2c(c1)N=C(C)c1c(C)ccc(C)c1S2
16010137,0,High,CC1=Nc2cc(C(=O)NCCc3ccccc3)ccc2Sc2c(C)ccc(C)c21
16010530,0,High,COc1ccc(N(C)C(=O)c2cc3c(s2)-c2ccccc2OC3)cc1
16010865,0,High,CCc1ccc2ncc(C(=O)c3ccc(C)c(C)c3)c(N3CCC(C(N)=O)CC3)c2c1
16011163,0,High,COC(=O)c1cc2occc2n1Cc1nc(-c2ccc(C)cc2)oc1C
1243964,0,High,Cn1c(CN2CCCCC2)nc2cc(NC(=O)c3cccc(Br)c3)ccc21
16013207,0,High,COc1ccc(-c2noc(CSc3nnc(Cc4ccccc4)n3-c3ccc(F)cc3)n2)cc1
6485805,0,Moderate,Cc1nc2nc(NC(=O)c3ccc(C(C)(C)C)cc3)[nH]n2c(=O)c1Cl
16014174,0,High,O=C(NCc1ccccc1)c1nc(S(=O)(=O)Cc2ccc(F)cc2)ncc1Cl
16014186,0,High,O=C(Nc1ccccc1F)c1nc(S(=O)(=O)Cc2ccccc2F)ncc1Cl
16014337,0,High,CCc1nnc(NC(=O)c2nc(S(=O)(=O)Cc3ccc(C)cc3)ncc2Cl)s1
16014640,0,High,CCCCCn1cc2c(c1-c1ccc(Br)cc1)c(=O)n(C)c(=O)n2C
16014644,0,High,CCCCn1cc2c(c1-c1ccc(Br)cc1)c(=O)n(C)c(=O)n2C
16014662,0,High,Cn1c(=O)c2c(-c3ccc(Br)cc3)n(CCc3ccccc3)cc2n(C)c1=O
16014853,0,High,CCS(=O)(=O)c1ncc(N(Cc2ccc(F)cc2)Cc2ccco2)c(C(=O)Nc2cc(C)ccc2C)n1
16015040,0,High,CCOC(=O)N1CCN(Cc2nc3cc(NC(=O)c4ccc(OC)cc4)ccc3n2C(C)C)CC1
16015257,0,High,CCc1ccc(OC(C)C(=O)N2CCC(c3nc4ccccc4o3)CC2)cc1
16015431,0,High,CN(C(=O)CSc1nc2ccc(NC(=O)c3ccc(F)cc3)cc2s1)c1ccccc1
7661054,1,Low,CCOc1ccc(-c2nnc(SCC(=O)NCc3ccccc3Cl)o2)cc1
135546828,0,High,CCc1ccc(-n2nc(C)c3c2NC(=O)CSC3c2ccccc2C)cc1
16017615,0,High,COc1cccc(C(=O)Nc2nnc(S(=O)(=O)N3CCOCC3)s2)c1
16018041,0,High,CC(C)Oc1ccc(CNC(=O)C2CCN(C(=O)N3CCOc4ccc(Cl)cc43)CC2)cc1
16018226,0,High,COc1ccc(CCNC(=O)Cn2c(=O)c3cccn3c3ccc(F)cc32)cc1OC
16018319,0,High,CCOc1ccc(-c2cn3c(n2)sc2cc(C(=O)NCCCN(CC)CC)ccc23)cc1
135546945,0,High,COc1cc(NC(=O)c2cc(-c3ccccc3O)no2)cc(OC)c1OC
16018629,0,High,C=Cc1ccc(Cn2c(C(=O)O)c(CNC3CCCCC3)c3ccc(OC)cc32)cc1
16019052,0,High,Cc1ccc(-n2c(=O)c3oc4ccccc4c3n(CC(=O)Nc3ccc(F)c(Cl)c3)c2=O)cc1C
16019143,0,Moderate,Cc1ccc(-c2c(CN3CCN(c4cccc(C(F)(F)F)c4)CC3)csc2C)cc1
8099609,0,High,COc1cc(Cl)c(C)cc1NS(=O)(=O)c1c(C)nc2sccn2c1=O
8099624,0,High,COC(=O)c1ccc(NS(=O)(=O)c2c(C)nc3sccn3c2=O)cc1
16019899,0,High,COc1ccc(NC(=O)CCCc2nnc3n(CCC(C)C)c(=O)c4sccc4n23)cc1Cl
16020541,0,High,Cc1cccc(S(=O)(=O)c2cn(Cc3ccccc3)c3cc(N4CCCC(C)C4)c(F)cc3c2=O)c1
16020543,0,High,Cc1cccc(S(=O)(=O)c2cn(Cc3ccccc3)c3cc(N4CCCCC4C)c(F)cc3c2=O)c1
16022130,0,High,Cc1ccc(NC(=O)c2c(N3CCCC3=O)c3cc(C)ccc3n2C)c(C)c1
16022668,0,High,Cc1ccc(-n2nc3c(=O)n(CCCC(=O)NC(C)c4ccccc4)nc(C)c3c2C)cc1
16022683,0,High,COc1ccc(Cn2c(C(=O)O)c(CNCc3ccco3)c3ccc(C)cc32)cc1
16022685,0,High,COc1ccc(Cn2c(C(=O)O)c(CNCc3cccc(OC)c3)c3ccc(C)cc32)cc1
16022690,0,High,COc1ccccc1CNC(=O)CCCn1nc(C)c2c(C)n(-c3ccc(C)cc3)nc2c1=O
16022694,0,High,Cc1ccc(-n2nc3c(=O)n(CCCC(=O)NCc4ccccc4F)nc(C)c3c2C)cc1
16022696,0,High,COc1ccc(CNC(=O)CCCn2nc(C)c3c(C)n(-c4ccc(C)cc4)nc3c2=O)cc1OC
16022698,0,High,COc1cccc(CNC(=O)CCCn2nc(C)c3c(C)n(-c4ccc(C)cc4)nc3c2=O)c1OC
16022700,0,High,CCOc1ccc(CNC(=O)CCCn2nc(C)c3c(C)n(-c4ccc(C)cc4)nc3c2=O)cc1
16023012,0,High,COc1ccc(-n2nc3c(N4CCCC(C(=O)NCCc5ccc(C)cc5)C4)nnc(C)c3c2C)cc1
16023100,0,High,Cc1cccc(N(C)c2nc3ccccc3c3nnc(C)n23)c1
135410423,0,High,COc1ccccc1NC(=O)C1=C(C)Nc2c(C(=O)Nc3cccc(C)c3)cnn2C1c1ccccc1Cl
135410425,0,High,CCOc1ccc(C2C(C(=O)Nc3ccccc3OC)=C(C)Nc3c(C(=O)Nc4cccc(C)c4)cnn32)cc1
135410430,0,High,CCc1ccc(C2C(C(=O)Nc3ccccc3OC)=C(C)Nc3c(C(=O)Nc4ccc(C)cc4)cnn32)cc1
16023573,0,High,COc1ccc(OC)c(CNc2ncnc3onc(C)c23)c1
16023585,0,High,COc1ccc(CCNc2ncnc3onc(C)c23)c(OC)c1
16023905,0,High,COc1ccc2[nH]cc(CCNC(=O)c3cnn(-c4ccc(C)cc4)c3C3CCN(C(=O)OC(C)(C)C)CC3)c2c1
16024023,0,High,COc1cccc(CNCc2cccn2-c2nnc(N3CCN(c4ccccc4)CC3)s2)c1
16025620,0,High,Cc1cc(-c2ccc(C)c(S(=O)(=O)NCC3CCN(Cc4ccc(F)cc4)CC3)c2)on1
16025626,0,High,Cc1ccc2c(c1)N(S(=O)(=O)c1cc(-c3onc(C)c3C)ccc1C)CCO2
16025693,0,High,COc1cccc(C(=O)Nc2nc(-c3nnn(-c4ccccc4C(F)(F)F)c3C)ns2)c1
16025831,0,High,CSc1nn(Cc2cccc(C)c2)c(N)c1S(=O)(=O)c1ccccc1
16026577,0,High,CCOc1ccc(N2CC(c3nc(-c4cc(OC)c(OC)c(OC)c4)no3)CC2=O)cc1
16027973,0,High,COc1ccccc1CNS(=O)(=O)c1ccc(-c2cnc(C3CC3)o2)cc1
16028005,0,High,COc1ccc(C)cc1NS(=O)(=O)c1ccc(-c2cnc(C3CC3)o2)cc1
16028031,0,High,CCOc1ccccc1CNS(=O)(=O)c1ccc(-c2cnc(C3CC3)o2)cc1
7498662,0,High,Cc1ccccc1C(=O)Nc1ccc2c(c1)CCCN2C(=O)c1cccs1
7498666,0,High,CC(C)Oc1ccc(C(=O)Nc2ccc3c(c2)CCCN3C(=O)c2cccs2)cc1
16028117,0,High,CC(C)(C)c1ccc(C(=O)Nc2ccc3c(c2)CCCN3C(=O)c2cccs2)cc1
16028187,0,Moderate,CCN1CCN(c2ncc3c(n2)CCN(Cc2cc(Br)cs2)C3)CC1
16028197,0,High,COc1cccc(N2CCN(c3ncc4c(n3)CCN(Cc3ccc(Br)cc3)C4)CC2)c1
16028421,0,High,CCCCOc1ccc(CNC(=O)c2cc3n(n2)CCCN(Cc2ccc(C)cc2)C3=O)cc1
16029337,0,High,CCN(CCN(C)C)C(=O)C1CCN(S(=O)(=O)c2c(C)noc2/C=C/c2ccccc2F)CC1
16029644,0,High,COc1ccc(CN2CCc3c(c(=O)n4ncc(C(=O)N5CCN(c6ccccc6OC)CC5)c4n3C)C2)cc1
16030494,0,High,COc1ccccc1C(=O)Nc1nnc(SCc2cc(=O)c3ccccc3[nH]2)s1
16030748,0,High,Cc1cccc(-c2cc(NC(=O)c3ccccc3C)n(-c3ccccc3)n2)c1
16031040,0,High,CCOC(=O)c1[nH]c(C)c(CCC(=O)N2CCN(c3cc(C)ccc3C)CC2)c1C
16031229,1,Low,Nc1ncc(S(=O)(=O)N2CCN(c3ccccc3)CC2)cn1
16031687,0,High,Cc1c(Cl)cccc1NC(=O)CNS(=O)(=O)c1cccs1
16031764,0,High,CC1CCN(S(=O)(=O)c2ccc3c(ccc(=O)n3CC(=O)NCc3ccc(Cl)cc3)c2)CC1
7080326,0,High,Cc1c(-c2cccc(NC(=O)c3ccc(F)c(F)c3)c2)nc2ncccn12
16032111,0,High,O=C(COc1ccccc1)NCC(c1cccs1)S(=O)(=O)c1ccc(Cl)cc1
4705986,1,Low,COc1ccc(C2c3c(oc4ccc(Cl)cc4c3=O)C(=O)N2CCCN(C)C)cc1OC
7287095,0,High,COc1ccc(-c2nc3sc(CCNC(=O)C(C)(C)C)c(C)n3n2)cc1
16033040,0,High,CC(C)(C)c1ccc(S(=O)(=O)N2CCC(c3ccncc3)CC2)cc1
16033135,1,Low,O=C(Nc1ccc(N2CCC(N3CCCCC3)CC2)c(C(=O)O)c1)c1ccc(Br)cc1
16033196,1,Low,CCCCNC(=O)CN1CCN(c2ncc(NC(=O)c3ccc(Cl)cc3)cc2C(=O)O)CC1
16033636,0,High,CC(=O)Nc1ccc(C(=O)Nc2ccc3c(c2)N(C2CCCC2)C(=O)c2ccccc2S3)cc1
16033831,0,High,CC(=O)N1CCc2c(sc3c2c(=O)n(-c2ccccc2Cl)c(=O)n3Cc2cccc(C)c2)C1
16033843,0,High,COc1cccc(Cn2c(=O)n(-c3cccc(Cl)c3C)c(=O)c3c4c(sc32)CN(C(C)=O)CC4)c1
4189771,0,High,Cc1n[nH]c(C)c1CCc1nc2c3ccccc3nc(SCC(=O)Nc3ccc(F)cc3)n2n1
4640646,0,High,CCC(Sc1nc2ccccc2c2nc(CCc3c(C)n[nH]c3C)nn12)C(=O)Nc1ccc(F)cc1
4107705,0,High,CCc1ccccc1Nc1ncnc2c1cnn2-c1ccc(Cl)cc1
16033976,0,High,Cc1ccc(-n2ncc3c(NCCCn4ccnc4)ncnc32)cc1Cl
135437057,0,High,CCc1ccccc1-n1c(SCC(=O)Nc2ccc(C)cc2)nc2n[nH]c(C)c2c1=N
16034384,0,High,COc1cc(NC(=O)Cn2c(=O)oc3cc(S(=O)(=O)N4CCCCCC4)ccc32)cc(OC)c1
16034426,0,Moderate,CCOc1ccc(C2c3c(oc4ccc(C)cc4c3=O)C(=O)N2CCCN(C)C)cc1
3136596,0,High,COc1ccc(S(=O)(=O)N(CC(=O)Nc2ccc(C)cc2)c2ccc(C)cc2)cc1OC
5300038,0,High,N#Cc1cccc(NC(=O)c2sc3nc4c(cc3c2N)N2CCC4CC2)c1
16034817,0,Moderate,COc1ccc(C2c3c(oc4ccc(C)cc4c3=O)C(=O)N2CCCN2CCOCC2)cc1OC
7312224,1,Low,CCCc1oc2ccc(NS(=O)(=O)c3ccc(OC)cc3)cc2c1C(=O)OCC
392622,0,High,CC(C)c1nc(CN(C)C(=O)N[C@H](C(=O)N[C@@H](Cc2ccccc2)C[C@H](O)[C@H](Cc2ccccc2)NC(=O)OCc2cncs2)C(C)C)cs1
123767,0,Moderate,NC1(c2ccccc2Cl)CCCCC1=O
9872740,1,Low,C[C@@H](O)CNC(C)(C)CC(=O)N[C@@H]1CCc2ccccc2N(Cc2ccc(-c3ccccc3-c3nn[nH]n3)cc2)C1=O
16351,0,High,CN1CCN(C2=Nc3ccccc3Sc3ccc(Cl)cc32)CC1
65776,0,High,Cc1c(C)n(Cc2ccccc2)c2ccc(C(=O)OCCN(C)C)cc12
5708341,0,Moderate,CCN(CC)CCCC(C)Nc1cc(/C=C/c2ccccc2Cl)nc2cc(Cl)ccc12
68363,0,High,CCOc1cc(-c2nccc3cc(OC)c(OC)cc23)cc(OCC)c1OCC
5283451,0,Moderate,CC/C=C\C/C=C\C/C=C\C/C=C\C/C=C\C/C=C\CCC(=O)NCCO
6917728,0,High,CCc1cc(Cl)c(OC)c(C(=O)NC[C@@H]2CCCN2CC)c1O.Cl
33036,0,Moderate,CN(C)CC[C@@H](c1ccc(Cl)cc1)c1ccccn1
128563,0,High,COC(=O)[C@@H]1C[C@H](OC(C)=O)C(=O)[C@H]2[C@@]1(C)CC[C@H]1C(=O)O[C@H](c3ccoc3)C[C@]21C
72303,0,High,C=CCc1ccc(O)c(-c2ccc(O)c(CC=C)c2)c1
104850,0,High,Cc1c(C(=O)NN2CCCCC2)nn(-c2ccc(Cl)cc2Cl)c1-c1ccc(Cl)cc1
5329102,0,Moderate,CCN(CC)CCNC(=O)c1c(C)[nH]c(/C=C2\C(=O)Nc3ccc(F)cc32)c1C
10474335,0,High,COc1cccc2c1CCCC2CCCN1CCN(C2CCCCC2)CC1
208908,0,Moderate,CS(=O)(=O)CCNCc1ccc(-c2ccc3ncnc(Nc4ccc(OCc5cccc(F)c5)c(Cl)c4)c3c2)o1
3081361,0,Moderate,COc1cc2c(Nc3ccc(Br)cc3F)ncnc2cc1OCC1CCN(C)CC1
636411,0,Moderate,COc1ccc2[nH]c(S(=O)Cc3ncc(C)c(OC)c3C)nc2n1
11224758,0,High,CSc1ccccc1N1CCN(CCCCCC(=O)NC2CCCc3ccccc32)CC1
540335,1,Low,CN1CCN(c2ccc(Nc3c4ccccc4nc4ccccc34)cc2)CC1
619526,0,Moderate,O=C1Nc2cc(Cl)ccc2Nc2cscc21
11219835,0,High,O=C(O)c1cccc(-c2noc(-c3ccccc3F)n2)c1
428373,0,Moderate,CCC(C)C1NC(=O)C2CCCN2C(=O)C(CC(C)C)OC(=O)CCNC(=O)C(C)N(C)C(=O)C(C(C)C)N(C)C1=O
72287,0,High,COc1ccc2c(c1)N(C[C@H](C)CN(C)C)c1ccccc1S2
92178,0,High,CN1CCN(CCCN2c3ccccc3Sc3ccc(S(=O)(=O)N(C)C)cc32)CC1.CS(=O)(=O)O.CS(=O)(=O)O
24871224,0,Moderate,CC[C@H]1CN2CCC3CC(OC)C(OC)CC3[C@@H]2C[C@@H]1C[C@H]1NCCC2=C1CC(OC)=C(O)C2
25181364,1,Low,Nc1c(-c2ccncc2)cc[nH]c1=O
25181365,0,Moderate,Nc1c(-c2ccccc2)cc[nH]c1=O
25181366,0,High,CN(C)c1ccc(-c2cc[nH]c(=O)c2N)cc1
24180125,0,High,O=C(Nc1ccccc1-c1cn2c(CN3CCNCC3)csc2n1)c1cnc2ccccc2n1
2515,1,Low,CCOC(=O)NNc1ccc(N(CC)CC(C)O)nn1
5736,0,High,CN(C)CCOC1=Cc2ccccc2Sc2ccc(Cl)cc21
3136131,1,Low,CCC(=O)NC(c1ccc(OC)cc1)c1cc(Cl)c2cccnc2c1O
44825271,0,High,Cn1nnnc1Sc1ncnc2scc(-c3ccccc3F)c12
44142144,0,Moderate,Cn1nnnc1Sc1ncnc2scc(-c3cc4ccccc4o3)c12
27901,0,High,CN1CCC(N(Cc2cccs2)c2ccccc2)CC1
3915663,0,High,Cc1ccc(CNCc2cn[nH]c2-c2ccc(C)cc2)cc1
656668,0,High,COC(=O)C1=C(C)NC(C)=C(C(=O)O[C@@H]2CCCN(Cc3ccccc3)C2)[C@@H]1c1cccc([N+](=O)[O-])c1
49787093,1,Low,CN1CCN(c2ccc(Nc3nn4c(=O)c5ccccc5nc4s3)cc2)CC1
46907663,0,High,NC(=O)C1CCN(c2nccc(-c3ccc4c(c3)OCCO4)n2)CC1
46907687,0,High,CCOC(=O)C1CCN(c2ncc(-c3ccc4c(c3)OCCCO4)s2)CC1
46907666,0,High,O=C(O)C1CCN(c2ncc(-c3ccc4c(c3)OCCCO4)s2)CC1
49853131,1,Low,Cc1ccnc(NC(=S)N2CCN(c3ccc(N)cc3)CC2)c1
701529,0,High,S=c1[nH]c2ccccc2n1CCc1ccccc1
25256849,1,Low,CC(NCc1ccc2c(c1)nc(NC(=O)c1ccc(-c3cn[nH]c3)s1)n2CC(C)(C)O)C(C)(C)C
44634872,0,High,Cc1ccc(Cl)cc1NS(=O)(=O)c1cc2c(cc1F)NC(=O)CC2
44634868,0,High,Cc1cc(NS(=O)(=O)c2ccc3c(c2)CCC(=O)N3)ccc1F
7601970,0,High,O=C1CCc2cc(S(=O)(=O)Nc3ccc(F)c(Cl)c3)ccc2N1
10127622,0,High,Cn1cnc2c(F)c(Nc3ccc(Br)cc3Cl)c(C(=O)NOCCO)cc21
49787080,0,Moderate,CN(C)[C@@H]1CCN(c2cccc(Nc3nn4c(=O)c5ccccc5nc4s3)c2)C1
49853213,0,High,N#Cc1ccc(-c2ccc(CNc3ccc(C4CCNCC4)cc3)o2)cc1
46926065,0,Moderate,CC1=C(C(=O)Nc2nc3ccccc3s2)C(c2[nH]ncc2Cl)N=C(Nc2nc3ccccc3o2)N1
45166426,0,High,Cc1cnc(SCc2ccccn2)nc1C1CCCN(C(=O)c2scc3c2CCCC3)C1
45166656,0,High,COCC(C)NCc1cc2ccc(OC)cc2nc1N1CCN(c2ccc(F)cc2)CC1
49852898,0,Moderate,COC(=O)c1ccc(O)c2ncc(N3CCN(C)CC3)cc12
3038525,0,High,O=c1ncn2nc(Sc3ccc(F)cc3F)ccc2c1-c1c(Cl)cccc1Cl
46947861,0,High,CCOc1ccc(CCNC(=O)c2cc3ccccc3n2C)cc1OCC
46947870,0,High,CCOc1ccc(CCNC(=O)c2cccc(C(=O)c3ccccc3)c2)cc1OCC
13493,0,High,CCOc1ccc(Cc2nc3cc([N+](=O)[O-])ccc3n2CCN(CC)CC)cc1
4620214,0,High,Cc1ccc(S(=O)(=O)Nc2ccccc2C(=O)Nc2nc(-c3ccccc3)cs2)cc1
60167830,0,High,FC(F)(F)c1ccccc1-c1nc(NCc2ccc(-c3cccnc3)cc2)c2ccccc2n1
60167877,0,High,Cc1ccccc1-c1nc(NCc2ccc(-c3cccnc3)cc2)c2ccccc2n1
60167920,0,High,CC(C)c1ccccc1-c1nc(NCc2ccc(-c3cccnc3)cc2)c2ccccc2n1
60167825,0,High,Fc1ccccc1-c1nc(NCc2ccc(-c3cccnc3)cc2)c2ccccc2n1
56593345,0,High,CCOc1ccccc1C(=O)Nc1ccncc1C(=O)Nc1cccc(S(=O)(=O)C(F)(F)F)c1
56593309,0,High,CCOc1ccccc1C(=O)Nc1ncccc1C(=O)Nc1cccc(S(=O)(=O)C(F)(F)F)c1
60167932,0,Moderate,CC(C)c1ccccc1-c1nc2c(c(NCc3ccc(-c4cccnc4)cc3)n1)CNC2
60167795,0,High,COc1ccccc1-c1nc(NCc2ccc(-c3cccnc3)cc2)c2ccccc2n1
10077147,0,High,O=C(NCCCNc1nc(Nc2cccc(NC(=O)N3CCCC3)c2)ncc1I)c1cccs1
25022668,0,High,O=C(O)c1ccc(-c2c[nH]c3ncc(-c4ccccc4)cc23)cc1C1CCCC1
60167883,0,High,Cc1ccc(-c2ccc(CNc3nc(-c4ccccc4C(C)C)nc4ccccc34)cc2)cn1
60167849,0,High,Cc1cnc(-c2ccccc2C(C)C)nc1NCc1ccc(-n2ccnn2)cc1
70701462,0,High,CNc1oc(-c2cccc(Cl)c2Cl)nc1C#N
178024,0,Moderate,CC(C)(N)C(=O)N[C@H](COCc1ccccc1)C(=O)N1CCC2(CC1)CN(S(C)(=O)=O)c1ccccc12
22049997,0,High,CNC(=O)c1ccc(C)c(-n2c(C)cc(OCc3ccc(F)cc3F)c(Br)c2=O)c1
57519531,0,Moderate,C[C@]1(CO)CN(c2cc(C(=O)Nc3ccc4c(c3)-c3c(c(C(N)=O)nn3-c3ccc(F)cc3)CC4)c(Cl)cn2)C[C@@]1(C)CO
49836027,0,High,CCC(=O)N1CCN(c2ccc(-n3c(=O)ccc4cnc5ccc(-c6cnc7ccccc7c6)cc5c43)cc2C(F)(F)F)CC1
70701426,0,High,COc1cccc(CNc2ccc(S(=O)(=O)Nc3nc4ccccc4s3)cc2)c1O
64722,0,High,CN1CCCC(CC2c3ccccc3Sc3ccccc32)C1.Cl
9968854,1,Low,NC(=O)Nc1cc(-c2ccc(CN3CCOCC3)cc2)sc1C(N)=O
4823,0,High,COc1ccc(-c2nc3ccc(C4=NNC(=O)CC4C)cc3[nH]2)cc1
71668132,1,Low,NCC(=O)Nc1cncc(-c2nn3c(=O)cc(N4CCNCC4)nc3s2)c1
1497027,0,High,Cc1ccc(C(=O)Nc2ccc3oc(-c4cccnc4)nc3c2)cc1[N+](=O)[O-]
3614652,0,High,Cc1ccc(S(=O)(=O)Nc2nc3ccc(C)cc3nc2Nc2ccc3c(c2)OCO3)cc1
9368465,0,High,Cc1ccc(S(=O)(=O)N2CCN(C(=O)c3cc4c(s3)CCC4)CC2)cc1
70701468,0,High,CNc1sc(-c2cccc3ccccc23)nc1C#N
139106,0,Moderate,c1ccc(-c2cn[nH]c2)cc1
71304818,0,High,CC(C)CNc1ccnc(NCc2csc(-c3ccccc3)n2)n1
71771062,0,High,COc1ccc(NC(=O)c2ccc[nH]2)cc1[S+](=O)([O-])Nc1ccc(Br)cc1
21081761,1,Low,O=C(Nc1ccc(Oc2ccnc3[nH]ccc23)c(F)c1)c1cccn(-c2ccc(F)cc2)c1=O
11175137,1,Low,Clc1ccc(C2(c3ccc(-c4cn[nH]c4)cc3)CCNCC2)cc1
11978790,0,High,COc1ccc(-c2ccc3ncc4c(c3c2)n(-c2ccc(N3CCNCC3)c(C(F)(F)F)c2)c(=O)n4C)cn1
46215815,0,Moderate,CNc1nc(-c2ccc3c(N)n[nH]c3c2)cc(N2C[C@@H](C(=O)NC3CCCCC3)CC[C@H]2C)n1
9934347,0,High,CNC(=O)c1ccccc1Nc1nc(Nc2ccc(N3CCOCC3)cc2OC)ncc1Cl
676352,0,High,c1ccc(CNc2nc(NCc3ccccc3)c3ccccc3n2)cc1
135565082,0,Moderate,Cn1ncnc1[C@H]1c2n[nH]c(=O)c3cc(F)cc(c23)N[C@@H]1c1ccc(F)cc1
118796328,0,High,Cc1cc(C)nc(NC(=S)N2CCN(Cc3ccc(C(F)(F)F)cc3)CC2)c1
71533725,1,Low,COc1ncc(-c2ccc3c(Nc4cc(Oc5cc(F)cc(F)c5)cc(C(=O)O)c4)c(S(=O)(=O)NC4CC4)cnc3c2)c(OC)n1
66613669,0,High,O=C(NCc1ccc(S(=O)(=O)c2cccc(C(F)(F)F)c2)cc1)c1cnc2[nH]ncc2c1
1474853,0,High,COc1cc2ncnc(Nc3ccc(Oc4ccccc4)cc3)c2cc1OC
16195554,0,Moderate,O=C(O)c1ccc(N2C(=O)/C(=C/c3ccc(-c4ccc([N+](=O)[O-])cc4)o3)C=C2c2ccccc2)cc1
5311096,0,Moderate,N#Cc1ccc2c(c1)CCN(CCC1CCC(NC(=O)c3ccnc4ccccc34)CC1)C2
9901086,0,High,Clc1cccc(COc2cncc(N3CCNCC3)n2)c1
44402523,0,High,O=C(O)Cc1ccc2oc(-c3ccc(NC(=O)/C=C/c4ccc(Br)cc4)c(F)c3)nc2c1
1791111,0,High,Cc1cc(C)nc(NS(=O)(=O)c2ccc(NC(=S)NC(=O)COc3ccc(Br)cc3Cl)cc2)n1
134791303,0,High,Cc1ccccc1N(C)C1CN([S+](=O)([O-])c2cccc(C(F)(F)F)c2)C1
134788517,0,High,CC(=O)Nc1ccc(CN2CCc3nc(C(C)C)nc(-c4ccc(Cl)cc4)c3CC2)cc1
134789541,0,High,CN(C)C(=O)c1nc(-c2ccc(Cl)cc2Cl)c2cnccn12
63268833,1,Low,c1coc(-c2nc3ccncc3[nH]2)c1
59473233,0,High,c1cn2cc(-c3ccc4cn[nH]c4c3)nc(Nc3ccc(N4CCOCC4)cc3)c2n1
9810929,0,High,CC[C@H](C)[C@@H]([C@@H](CC(=O)N1CCC[C@H]1[C@H](OC)[C@@H](C)C(=O)N[C@@H](Cc1ccccc1)c1nccs1)OC)N(C)C(=O)[C@@H](NC(=O)[C@H](C(C)C)N(C)C)C(C)C
11497983,1,Low,CCN(CCCOc1ccc2c(Nc3cc(CC(=O)Nc4cccc(F)c4)[nH]n3)ncnc2c1)CCOP(=O)(O)O
44464263,1,Low,O=C(NCCCNc1nc(Nc2cccc(CN3CCOCC3)c2)ncc1C1CC1)C1CCC1
11154555,0,High,CN(C)C(=O)NC1CCC(CCN2CCN(c3cccc(Cl)c3Cl)CC2)CC1
66552906,0,High,COc1cccc(-n2nc(C(=O)O)cc2-c2ccc(C3CCCCC3)c(Cl)c2)c1
136959977,0,Moderate,Cn1cnc(-c2nccc3c(=O)[nH]c(OCCCC(F)(F)F)nc23)c1
71566751,0,Moderate,CN1CCN(Cc2ccc(NC(=O)Cc3ccc(Oc4cc(NC(=O)C5CC5)ncn4)cc3)cc2C(F)(F)F)CC1
1715,0,High,COc1ccc2c(c1)CN(C(=O)CCN1CCC(Cc3ccccc3)CC1)CCS2
56846693,0,High,COc1cc2ncnc(Oc3cccc(NC(=O)Nc4cc(C(C)(C)C(F)(F)F)on4)c3)c2cc1OC
52936849,0,High,CCOC(=O)c1cnc2ccc(-c3cncc(NS(=O)(=O)c4ccccc4)c3)cn12
24857242,0,High,Fc1ccccc1CNCc1ccc(-c2ccnc3[nH]ccc23)cc1
90407809,1,Low,COc1ccc(-c2c(-c3cc(C(=O)O)ccn3)ncn2C)cc1
71693092,0,High,COc1ccc2[nH]c(C[C@@H]3C[C@@H](C(C)C)[C@H](CNCc4ccccc4O)C=C3C)nc2n1
40780407,0,High,COc1ccc(-n2nc(C)c([C@@H]3C=C[C@@H](NCc4cccc(Cl)c4)C3)c2C)cc1
26742466,1,Low,Cc1nc(-c2ccco2)cc([C@H]2CN3CC[C@H]2C[C@@H]3CNC(=O)NC2CCCCC2)n1
75411313,0,Moderate,O=C(NC[C@H]1Cn2c(-c3ccc(Cl)cc3)cnc2CO1)C1CCCC1
75367182,0,High,Cc1ccc(CN2CCOC[C@H]2c2ncc(-c3cccc(F)c3)[nH]2)cc1
26743389,0,High,COc1ccc(-n2nc(C)c([C@@H]3C=C[C@@H](NCc4ccc(N(C)C)cc4)C3)c2C)cc1
40776995,0,Moderate,CCC(CC)c1cc([C@H]2CN3CC[C@H]2C[C@@H]3CNC(C)=O)nc(-c2ccncc2)n1
45360472,0,Moderate,Cc1nc(-c2ccccc2)cc([C@H]2CN3CC[C@H]2C[C@@H]3CNC2CCOCC2)n1
38030950,0,High,CC1=C[C@@H](CNCc2cccnc2)[C@H](C(C)C)C[C@H]1Cc1nnc(-c2ccc([N+](=O)[O-])cc2)o1
38030234,0,Moderate,CC(=O)NCCNC[C@@H]1C=C(C)[C@H](Cc2nnc(-c3ccccc3)o2)C[C@H]1C(C)C
26745074,0,Moderate,Cc1cccc(-c2noc([C@@H]3Cc4nc[nH]c4CN3C(=O)CC(C)(C)CC(=O)O)n2)c1
71693149,0,High,CCC(CC)C(=O)NC[C@@H]1C=C(C)[C@H](Cc2nc3c(C)cccc3[nH]2)C[C@H]1C(C)C
40777002,0,High,CCC(CC)c1cc([C@H]2CN3CC[C@H]2C[C@@H]3CNS(=O)(=O)c2cccs2)nc(-c2ccncc2)n1
28961069,0,High,Cc1cccc(-c2noc([C@@H]3Cc4nc[nH]c4CN3)n2)c1
7142438,0,High,O=C1Nc2ccc(-c3cccc(C(F)(F)F)c3)cc2C(=O)N2CCN(C(=O)COc3ccccc3)C[C@H]12
26742366,0,High,CCC(CC)c1cc([C@H]2CN3CC[C@H]2C[C@@H]3CNC(=O)Cc2cccs2)nc(-c2ccncc2)n1
26745136,0,Moderate,COc1ccc(-c2noc([C@@H]3Cc4nc[nH]c4CN3C(=O)NC3CCCCC3)n2)cc1
26761883,0,Moderate,CCOC(=O)c1ccc(NC(=O)N2Cc3[nH]cnc3C[C@H]2c2nc(C(C)C)no2)cc1
45783916,0,Moderate,CC1=C[C@@H](CNC(C)C)[C@H](C(C)C)C[C@H]1Cc1nnc(-c2ccncc2)o1
49878590,0,Moderate,CCOC(=O)N1CCN(C(=O)Cn2sc3nc(C)cc(C)c3c2=O)CC1
134805851,0,Moderate,COc1ncc(-c2n[nH]c3c2CC(=O)N(c2ccccc2)C3)cn1
134810595,0,High,O=C(c1cc2ccccc2[nH]1)N1CCc2c(n(Cc3cccnc3)n(CCc3ccccc3)c2=O)C1
134805294,0,High,CN(C)c1ccc(CN2CCNc3cc(Nc4ccccc4)ncc3C2)cc1
134805651,0,High,c1ccc(Nc2cc3c(cn2)CN(Cc2cccs2)CCN3)cc1
134804915,1,Low,COc1ccc(CN2CCNc3cc(Nc4ccccc4)ncc3C2)cn1
134806302,1,Low,COc1ccc(CN2CCNc3cc(Nc4ccccc4)ncc3C2)cc1O
134806647,0,Moderate,c1ccc(Nc2cc3c(cn2)CN(Cc2ccsc2)CCN3)cc1
134806960,0,Moderate,COc1ccccc1CN1CCNc2cc(Nc3ccccc3)ncc2C1
134807488,0,Moderate,Fc1ccc(CNc2cc3c(cn2)CN(Cc2ccncc2)CCN3)cc1
134809592,0,High,Fc1ccc(CN2CCNc3cc(Nc4ccccc4)ncc3C2)cc1F
134809029,1,Low,COc1ccc(OC)c(CN2CCNc3cc(Nc4ccccc4)ncc3C2)c1
134807218,0,Moderate,c1ccc(CNc2cc3c(cn2)CN(Cc2cccnc2)CCN3)cc1
134805981,0,High,COc1ccc(CN2CCNc3cc(Nc4ccccc4)ncc3C2)cc1
134809305,1,Low,Fc1cccc(CN2CCNc3cc(Nc4ccccc4)ncc3C2)c1
134809594,0,High,COc1cccc(CN2CCNc3cc(Nc4ccccc4)ncc3C2)c1
134809307,0,Moderate,Oc1ccccc1CN1CCNc2cc(Nc3ccccc3)ncc2C1
134808346,0,Moderate,FC(F)(F)c1ccc(CN2CCNc3cc(Nc4ccccc4)ncc3C2)cc1
134805666,0,Moderate,CC(C)(C)CN1CCNc2cc(Nc3ccccc3)ncc2C1
134806999,0,Moderate,c1cc(-c2cc(-c3ccncc3)c3cncn3c2)c2[nH]ncc2c1
134806347,0,Moderate,c1cc(-c2cc(-c3ccncc3)c3cncn3c2)c2cc[nH]c2c1
134805006,0,Moderate,Cc1noc(C)c1-c1cc(-c2ccc3c(c2)C(=O)NC3)cn2cncc12
134805713,0,Moderate,COc1ccc(-c2cc(-c3cccc(NC(C)=O)c3)cn3cncc23)cn1
134808383,0,High,O=C(Cc1c[nH]c2ncc(-c3ccc(Cl)cc3)cc12)NCc1cccnc1
134809070,0,High,CN1CCN(C(=O)Cc2c[nH]c3ncc(-c4ccccc4Oc4ccccc4)cc23)CC1
134807770,0,Moderate,COc1ccc(-c2ccc3ncc(Nc4ccncc4)n3n2)cc1OC
134808413,0,Moderate,COc1ccc(-c2ccc3ncc(Nc4ccc(C(N)=O)cc4)n3n2)cc1OC
134807239,0,High,COc1ccccc1Nc1cnc2ccc(-c3ccc(OC)c(OC)c3)nn12
134805000,0,High,COc1ccc(-c2ccc3ncc(Nc4cccnc4OC)n3n2)cn1
134809076,0,High,COc1ccc(Nc2cnc3ccc(-c4ccc(OC)c(OC)c4)nn23)cc1
134809348,0,Moderate,COCCNc1ncc(-c2cccc(O)c2)c2c1OCC2
134805378,0,High,CN(C)c1cccc(-c2cnc(Nc3cccnc3)c3c2CCO3)c1
134807505,0,High,COc1cccc(Nc2ncc(-c3cccc(N(C)C)c3)c3c2OCC3)c1
134809557,0,High,COCCNC(=O)c1ccc(-c2ncc3cnc(-c4cccc(F)c4)cn23)cc1
134810628,0,High,NC(=O)c1ccc(-c2ncc3cnc(-c4cccc(F)c4)cn23)cc1
134810621,1,Low,CC(=O)NCCNC(=O)c1ccc(-c2ncc3cnc(-c4cccc(F)c4)cn23)cc1
134808595,0,Moderate,O=C(NCCCO)c1ccc(-c2ncc3cnc(-c4cccc(F)c4)cn23)cc1
134810647,0,High,O=C(NCCCN1CCCC1=O)c1ccc(-c2ncc3cnc(-c4ccccc4)cn23)cc1
134810625,0,Moderate,O=C(c1ccc(-c2ncc3cnc(-c4ccccc4)cn23)cc1)N1CCS(=O)(=O)CC1
134810650,0,Moderate,CNC(=O)C1CCN(C(=O)c2ccc(-c3ncc4cnc(-c5ccccc5)cn34)cc2)CC1
134809569,1,Low,O=C(NCCc1cnc[nH]1)c1ccc(-c2ncc3cnc(-c4cccc(F)c4)cn23)cc1
134805932,0,High,CC(C)c1ccc(OCc2nc3c(n2Cc2ccccc2)C(=O)N(CC2CCOCC2)CCN3)cc1
134808985,0,High,O=C(Cc1ccc(O)cc1)N1CC(CNc2ccccc2)C2(C1)CN(c1ccccc1)C2
134805226,0,High,Oc1ccc(CN2CC(CNc3ccccc3)C3(C2)CN(c2ccccc2)C3)cc1
134806829,0,High,COc1cc2c(cc1Oc1cccc(N(C)C)c1)NC(=O)C21CCN(c2cnccn2)CC1
134808479,1,Low,COc1ccccc1-c1[nH]nc2ncc(-c3ccc(C)cc3)nc12
134809146,0,High,COc1ccc(-c2[nH]nc3ncc(-c4ccc(CO)cc4)nc23)cc1F
134809178,0,High,CN1Cc2c(cc(N3CCOCC3)nc2-c2ccccc2OC(F)(F)F)C1=O
134809728,0,High,CC(C)c1ccc(CC(=O)N2CCCc3ncc(C(=O)Nc4cccnc4)cc32)cc1
134809727,0,High,Cc1nn2c(c1-c1ccccc1OCc1ccccc1)N(C(=O)Cc1ccc3c(c1)OCO3)CCC2
134808914,0,High,Cc1nn2c(c1-c1ccccc1-c1ccccc1)N(CC1CC1)CCC2
134806170,0,High,Cc1nn2c(c1-c1ccccc1-c1ccccc1)N(CCC(C)C)CCC2
134807136,0,High,Cc1nn2c(c1-c1ccccc1Oc1ccccc1)N(Cc1ccccc1O)CCC2
134807414,0,High,Cc1nn2c(c1-c1ccccc1-c1ccccc1)N(Cc1ccc(C(=O)O)s1)CCC2
134807663,0,High,Cc1nn2c(c1-c1ccccc1-c1ccccc1)N(Cc1ccc(O)cc1)CCC2
40776966,0,High,CCC(CC)c1cc([C@H]2CN3CC[C@H]2C[C@@H]3CNC(=O)COc2ccccc2)nc(-c2ccncc2)n1
40780411,0,High,COc1ccc(-n2nc(C)c([C@@H]3C=C[C@@H](NCc4ccc(F)cc4)C3)c2C)cc1
16764695,1,Low,Nc1nc2c(s1)C(c1ccc(F)cc1F)CC(=O)N2
51053056,0,High,CNc1nc2c(s1)C(c1ccc(Cl)cc1)CC(=O)N2
51138561,0,Moderate,CNc1nc2c(s1)C(c1ccccc1F)CC(=O)N2
91767277,0,Moderate,Cc1c(CN(C)c2cc(C3CC(O)C3)nc(N)n2)[nH]c2ccccc12
71705536,0,Moderate,O=C(NCCc1ccccn1)C1CC(=O)N(c2n[nH]c3cc(Br)ccc23)C1
75466029,0,High,O=C(C1CC(=O)N(c2n[nH]c3ccccc23)C1)N1CCC(c2noc3cc(F)ccc23)CC1
91913176,0,Moderate,Cc1ccnc(NC(=O)C2CC(=O)N(c3n[nH]c4cc(Br)ccc34)C2)c1
71705501,0,Moderate,O=C(NCC1CCOCC1)C1CC(=O)N(c2n[nH]c3cc(Br)ccc23)C1
11173800,0,High,O=C(NC1CCCc2c1[nH]c1ccccc21)c1ccccc1
75490816,0,High,COc1ccc(C(=O)NC2CCCc3c2[nH]c2ccccc32)cc1OC
71829149,0,High,COc1ccc(C(=O)NC2CCCc3c2[nH]c2c(Cl)cccc32)cc1OC
71829145,0,High,COc1ccccc1C(=O)NC1CCCc2c1[nH]c1c(Cl)cccc21
75490814,0,High,COc1cc(C(=O)NC2CCCc3c2[nH]c2ccccc32)cc(OC)c1OC
90489340,0,High,COc1cc(C(=O)NC2CCCc3c2[nH]c2c(Cl)cccc32)cc(OC)c1OC
71828900,0,High,O=C(NC1CCCc2c1[nH]c1c(Cl)cccc21)c1ccc2c(c1)OCO2
91903489,0,Moderate,Cc1ccc(-c2nc(C)c(C(=O)Nc3ccc4c(c3)C(=O)N3CCC[C@H]3C(=O)N4)s2)cc1
53137387,0,High,Cc1cc(C)cc(C(=O)Nc2ccc3c(N4CCCC4)ncnc3c2)c1
53137434,0,High,O=C(Nc1ccc2c(N3CCCCC3)ncnc2c1)c1cc(F)cc(F)c1
53137515,0,High,O=C(Nc1ccc2c(N3CCOCC3)ncnc2c1)c1cccc(Br)c1
91903748,0,Moderate,Cc1ccccc1S(=O)(=O)N1CCCC(CCC(=O)NCCN(C)C2CCCCC2)C1
53140285,0,High,Cn1cc2c3c(cccc31)CN(C(=O)c1ccc(F)c(Cl)c1)CC2
53143674,0,High,COc1ccc(C)cc1NC(=O)c1cnc(-c2ccc(F)cc2)nc1-c1ccncc1
53143698,0,High,COC(=O)c1cccc(NC(=O)c2cnc(-c3ccc(F)cc3)nc2-c2ccncc2)c1
45226889,0,High,Cc1cccc(-n2ncc3c2CCCC3NC(=O)c2c(F)ccc(F)c2F)c1C
53158961,0,High,Cc1ccc(C(=O)N2CCc3sc(C(=O)NC(C)c4ccccc4)cc3C2)cc1
53160384,0,High,CCCCc1ccc(NC(=O)c2ccc3c(c2)N(S(C)(=O)=O)CC3)cc1
46990893,0,High,CCn1ncc(NC(=O)Cn2ncc3cc(-c4cccc(OC)c4)ccc32)n1
56715543,1,Low,NC1CCN(C(=O)C2CCCN(c3nc(-c4ccccc4)nc4c3CCC4)C2)CC1
90488048,0,Moderate,O=C(O)c1cnc(-c2ccc(F)cc2)nc1-c1ccncc1
71839006,0,High,CCOc1ccccc1C(=O)NC1CCN(c2cc(C)cc(C)c2)C1=O
87051521,0,High,CCCCN(C)C(=O)c1c(C)sc2ccn(CCC)c(=O)c12
72846657,0,High,CC(=O)N[C@H]1CN(C2CCN(c3ccc(F)cc3C)CC2)C[C@@H]1C1CC1
91904528,0,Moderate,CCOc1cc(=O)n2c(c1C(=O)Nc1cc(OC)c(Cl)cc1OC)CCCC2
56886853,0,Moderate,Fc1ccc(N2CCCN(CC3[C@H]4CNC[C@@H]34)CC2)cc1
70726807,0,Moderate,NC(=O)N1CCCC(C(=O)N2CCCN(c3ccc(F)cc3)CC2)C1
91887902,0,High,O=C(NC1CCCN(c2cc(-c3ccc(F)cc3)[nH]n2)C1)c1ccc2ncccc2c1
87051912,0,High,C[C@H]1CN(C(=O)c2nn(C)c3ccccc23)C[C@@H]1c1nc(-c2cccnc2)no1
87051947,0,High,C[C@H]1CN(C(=O)c2nn(C)c3ccccc23)C[C@@H]1c1nc(-c2ccncc2)no1
91653956,0,High,C[C@H]1CN(C(=O)Nc2ccc(F)cc2)C[C@@H]1c1nc(-c2ccccc2)no1
87051999,0,High,C[C@H]1CN(C(=O)Nc2ccc(F)cc2F)C[C@@H]1c1nc(-c2ccccc2)no1
87052427,1,Low,O=C(c1ccc2ncccc2c1)N1CCc2c(nc3cc[nH]n3c2=O)C1
53183866,1,Low,Cc1ccc(C(=O)N2CCc3c(nc4cc(-c5ccccc5)[nH]n4c3=O)C2)cn1
70756727,0,High,Cc1cc(CNC(=O)c2ccc3c(c2)n(CC2CC2)c(=O)n3C2CCCCC2)on1
87052503,0,Moderate,COc1ccc2c(c1)CCc1c-2n[nH]c1C(=O)N1CCc2c(nc3cc(-c4ccccc4)[nH]n3c2=O)C1
87052505,1,Low,Cc1noc(C)c1Cc1ccc(C(=O)N2CCc3c(nc4cc(-c5ccccc5)[nH]n4c3=O)C2)o1
87052512,1,Low,O=C1CN(C(=O)CCC(=O)N2CCc3c(nc4cc(-c5ccccc5)[nH]n4c3=O)C2)c2ccccc2N1
136665503,0,Moderate,O=c1[nH]c(N2CCOCC2)nc2c1CCN(Cc1cc(Cl)ccc1F)CC2
136665504,0,Moderate,O=c1[nH]c(N2CCOCC2)nc2c1CCN(Cc1ccc(Cl)cc1F)CC2
70766183,0,Moderate,CCc1[nH]c2ccc(CNC(=O)Cc3cnc4c(C)cccn34)cc2c1C
70777500,0,High,COc1cc2cc(CN3CCC(N(C)C)C3)c(-c3cccc(Cl)c3)nc2cc1OC
91916716,0,Moderate,O=C(c1ccc2c(c1)OCO2)N1CCC(Cc2nc(-c3cnccn3)no2)CC1
74244241,0,Moderate,CN1CCN(Cc2ccc(-c3ccc(C(C)(C)C#N)cc3)nc2)CC1
91890680,0,High,CCCCOc1ccc(C(=O)N2CCC(c3n[nH]c(=O)n3-c3ccc(C)cc3)CC2)cc1
136665405,0,Moderate,CCc1cccc(NC(=O)c2cc(-c3ccc[nH]3)n[nH]2)c1
136665409,0,High,COc1ccc(NC(=O)c2cc(-c3ccc[nH]3)n[nH]2)cc1OC
136665413,0,Moderate,O=C(Nc1cccc(F)c1)c1cc(-c2ccc[nH]2)n[nH]1
136665415,0,High,O=C(Nc1ccc(F)cc1F)c1cc(-c2ccc[nH]2)n[nH]1
136665423,0,High,O=C(Nc1cccc(OC(F)(F)F)c1)c1cc(-c2ccc[nH]2)n[nH]1
136665425,0,High,Cc1ccc(NC(=O)c2cc(-c3ccc[nH]3)n[nH]2)cc1F
91909359,0,Moderate,O=C(Cc1cccs1)NCc1nnc2ccc(-c3ccccc3)nn12
110196975,0,High,COCCNC(=O)[C@H]1C[C@H](Oc2ccccc2)CN1Cc1ccc2[nH]ccc2c1
110197656,0,High,COc1ccc2[nH]c3c(c2c1)CCNC31CCN(S(=O)(=O)c2c(C)noc2C)CC1
110202952,0,Moderate,Cc1noc([C@@H]2CN(C(=O)c3nn(C)c4ccccc34)C[C@H]2CO)n1
124050542,0,Moderate,COC[C@@H]1CN(C(=O)c2n[nH]c3ccccc23)C[C@H]1c1nc(C)no1
124050558,0,Moderate,COC[C@@H]1CN(C(=O)c2nn(C)c3ccccc23)C[C@H]1c1nc(C)no1
91911826,0,High,Cc1ccc(C(=O)NC2CCN(c3cnn(CC4CC4)c(=O)c3)CC2)cc1C
91925560,0,High,COc1ccc(C(=O)N[C@@H]2CCC[C@@H]2C(=O)N2CCC(Cc3ccccc3)CC2)cc1
71959602,0,High,CCCN1C(CC(C)C)=NS(=O)(=O)c2cc(NC(=O)c3cccs3)ccc21
71959588,0,High,CCCN1C(CC(C)C)=NS(=O)(=O)c2cc(NC(=O)c3ccco3)ccc21
46058622,0,High,CCNC(=O)c1coc(COc2ccc3c(c2)C(c2ccc(F)cc2)N(C(=O)CC(C)C)CC3)n1
46059187,0,High,CCN(CC)C(=O)c1coc(COc2ccc3c(c2)C(c2cccc(F)c2)N(C(=O)C(C)C)CC3)n1
137299399,0,High,O=c1[nH]c(C2CCCN(CC3CCCCC3)C2)nn1-c1ccc(Cl)cc1
137299434,0,High,COc1ccc(C(=O)N2CCCC(c3nn(-c4ccc(OC)cc4)c(=O)[nH]3)C2)cc1
137299435,0,High,COc1ccc(-n2nc(C3CCCN(C(=O)Cc4ccc(F)cc4)C3)[nH]c2=O)cc1
137299474,0,High,COc1ccc(-n2nc(C3CCCN(C(=O)C4CC4)C3)[nH]c2=O)cc1
137299390,0,High,O=C(c1ccccc1)N1CCC(c2nn(-c3ccc(F)cc3)c(=O)[nH]2)CC1
137299421,0,High,COc1ccc(-n2nc(C3CCN(C(=O)c4ccccc4)CC3)[nH]c2=O)cc1
137299438,0,High,COc1ccc(-n2nc(C3CCN([S+](=O)([O-])c4cccc(C(F)(F)F)c4)CC3)[nH]c2=O)cc1
137299452,0,High,COc1ccc(-n2nc(C3CCN([S+](=O)([O-])c4c(C)noc4C)CC3)[nH]c2=O)cc1
137299467,0,High,COc1ccc(-n2nc(C3CCN(C(=O)C4CC4)CC3)[nH]c2=O)cc1
137299468,0,High,COc1ccc(-n2nc(C3CCN(C(=O)Cc4ccc(F)cc4)CC3)[nH]c2=O)cc1
137291230,0,High,COc1ccc(-n2nc(C3CCCN(CC4CCCCC4)C3)[nH]c2=O)cc1
137291231,0,Moderate,COc1ccc(-n2nc(C3CCCN(C(=O)Cc4ccccn4)C3)[nH]c2=O)cc1
137299525,0,High,COc1ccc(-n2nc(C3CCCN(C(=O)c4cccc(OC)c4)C3)[nH]c2=O)cc1
137299526,0,High,COc1ccc(-n2nc(C3CCCN(C(=O)Nc4ccccc4)C3)[nH]c2=O)cc1
137299529,0,High,COc1ccc(-n2nc(C3CCCN([S+](=O)([O-])c4cccc(C(F)(F)F)c4)C3)[nH]c2=O)cc1
137299536,0,High,COc1ccc(-n2nc(C3CCCN(C(=O)c4ccc(C)cc4)C3)[nH]c2=O)cc1
137299537,0,High,COc1ccc(-n2nc(C3CCCN(C(=O)c4ccccc4F)C3)[nH]c2=O)cc1
137299202,0,High,Oc1ccc(-c2nc(C3CC3)nc3c2CCN(Cc2ccc(F)cc2)CC3)cc1
137299235,0,High,Oc1ccc(-c2nc(C3CC3)nc3c2CCN(CC2CCCCC2)CC3)cc1
118170767,0,High,COc1cc([C@@H](CC(=O)O)c2ccc(C)c(CN3C[C@@H](C)Oc4ccccc4S3(=O)=O)c2)cc2nnn(C)c12
72710568,0,High,Cc1nc([C@](C)(O)CO)sc1-c1cnc(N)c(O[C@H](C)c2cc(F)ccc2-n2nccn2)c1
5284645,0,High,C[C@H]1CCC[C@H](O)CCC/C=C/c2cc(O)cc(O)c2C(=O)O1
133053814,0,Moderate,C=C1[C@@H](C)C2[C@H](Cc3ccccc3)NC(=O)[C@@]23C(/C=C/C[C@H](C)C[C@@](C)(O)/C=C/[C@@H]3OC(C)=O)[C@@H]1O
134798059,0,High,COc1ccccc1Nc1ccnc(N2CCN(C(=O)c3ccc(C)cc3)CC2)n1
134798255,0,High,COc1ccccc1Nc1ccnc(N2CCN(C(=O)c3ccc(F)cc3)CC2)n1
134799894,0,High,CC(C)(C)C(=O)N1CCN(c2nccc(Nc3ccccc3Cl)n2)CC1
134797955,0,Moderate,COc1ccccc1Nc1ccnc(N2CCN(C(=O)c3ccccc3Cl)CC2)n1
11740730,0,High,CN1C(=O)C(=O)N2C(=C[C@]3(c4c[nH]c5ccccc45)c4ccccc4N[C@H]23)C1=O
118873492,0,High,O=S(=O)(Nc1ccc(-c2cccnc2)c2cccnc12)c1cccc(C(F)(F)F)c1
57336276,0,High,Cc1onc(-c2ccc(F)cc2)c1COc1ccc(C(=O)N2CCS(=O)(=O)CC2)cn1
81689696,0,High,C[C@@]1(c2ncncc2F)NC(=O)c2cc(-c3cn[nH]c3)ccc21
134796226,0,Moderate,O=C(NC1CC1)C1CCCN1C(=O)c1cccc(-c2ccccn2)c1
134801672,0,Moderate,Cc1ccccc1C(=O)NC1CCN(c2ccc3nnc(C4CC4)n3n2)CC1
123132228,0,Moderate,CS(=O)(=O)c1ccc(-c2cnc(NCc3ccco3)n3cnnc23)cc1
71090129,0,High,CC(C)n1cc(-c2ccc3c(c2)N(C)CC3)c2c(NS(=O)(=O)c3ccn(C)n3)ccnc21
72165228,0,Moderate,O=C(Nc1ccc(OC(F)(F)Cl)cc1)c1cnc(N2CC[C@@H](O)C2)c(-c2ccn[nH]2)c1
90479372,0,High,CN(Cc1ccc(/C=C/C(=O)NO)cc1)CC12CC3CC(CC(C3)C1)C2
